Date,Description,Amount
01/02/2025,MAIN ST PROPERTIES SHOP RENT,-2400.00
01/03/2025,SQUARE INC DEPOSIT SETTLEMENT,2869.30
01/04/2025,CASH DEPOSIT BRANCH,922.92
01/05/2025,SQUARE FEES MONTHLY,-282.07
01/06/2025,RESTAURANT DEPOT PURCHASE,-3052.02
01/10/2025,CON ED ELECTRIC BILL,-317.48
01/10/2025,SQUARE INC DEPOSIT SETTLEMENT,2773.13
01/11/2025,CASH DEPOSIT BRANCH,686.64
01/11/2025,VERIZON WIRELESS,-95.40
01/13/2025,SYSCO FOOD SERVICES,-2190.54
01/15/2025,IRS USATAXPYMT 1040ES,-1800.00
01/15/2025,NEXT INSURANCE BUSINESS POLICY,-86.00
01/17/2025,SHELL OIL 5521,-48.48
01/17/2025,SQUARE INC DEPOSIT SETTLEMENT,2200.54
01/18/2025,CASH DEPOSIT BRANCH,1086.65
01/19/2025,KROGER GROCERY HOME,-93.45
01/20/2025,CITY CLERK BUSINESS LICENSE,-350.00
01/21/2025,NETFLIX.COM,-15.49
01/22/2025,ONLINE TRANSFER TO SAVINGS,-500.00
01/24/2025,SQUARE INC DEPOSIT SETTLEMENT,2883.65
01/25/2025,CASH DEPOSIT BRANCH,632.89
01/26/2025,MONTHLY SERVICE FEE,-15.00
02/02/2025,MAIN ST PROPERTIES SHOP RENT,-2400.00
02/03/2025,SQUARE INC DEPOSIT SETTLEMENT,2233.44
02/04/2025,CASH DEPOSIT BRANCH,855.11
02/05/2025,SQUARE FEES MONTHLY,-301.10
02/06/2025,RESTAURANT DEPOT PURCHASE,-4105.54
02/07/2025,FACEBOOK ADS META PLATFORMS,-144.98
02/10/2025,CON ED ELECTRIC BILL,-307.70
02/10/2025,SQUARE INC DEPOSIT SETTLEMENT,3134.65
02/11/2025,CASH DEPOSIT BRANCH,697.13
02/11/2025,VERIZON WIRELESS,-95.40
02/13/2025,SYSCO FOOD SERVICES,-1819.02
02/15/2025,NEXT INSURANCE BUSINESS POLICY,-86.00
02/17/2025,SHELL OIL 5521,-65.85
02/17/2025,SQUARE INC DEPOSIT SETTLEMENT,2427.22
02/18/2025,CASH DEPOSIT BRANCH,954.11
02/19/2025,KROGER GROCERY HOME,-128.23
02/21/2025,NETFLIX.COM,-15.49
02/22/2025,ONLINE TRANSFER TO SAVINGS,-500.00
02/24/2025,SQUARE INC DEPOSIT SETTLEMENT,3377.47
02/25/2025,CASH DEPOSIT BRANCH,1070.15
02/26/2025,MONTHLY SERVICE FEE,-15.00
03/02/2025,MAIN ST PROPERTIES SHOP RENT,-2400.00
03/03/2025,SQUARE INC DEPOSIT SETTLEMENT,2492.14
03/04/2025,CASH DEPOSIT BRANCH,616.19
03/05/2025,SQUARE FEES MONTHLY,-315.01
03/06/2025,RESTAURANT DEPOT PURCHASE,-3692.82
03/08/2025,HOME DEPOT SHELVING REPAIR,-264.12
03/10/2025,CON ED ELECTRIC BILL,-225.38
03/10/2025,SQUARE INC DEPOSIT SETTLEMENT,3141.35
03/11/2025,CASH DEPOSIT BRANCH,876.36
03/11/2025,VERIZON WIRELESS,-95.40
03/13/2025,SYSCO FOOD SERVICES,-2240.15
03/15/2025,NEXT INSURANCE BUSINESS POLICY,-86.00
03/17/2025,SHELL OIL 5521,-60.63
03/17/2025,SQUARE INC DEPOSIT SETTLEMENT,2641.55
03/18/2025,CASH DEPOSIT BRANCH,1094.03
03/19/2025,KROGER GROCERY HOME,-145.94
03/21/2025,NETFLIX.COM,-15.49
03/22/2025,ONLINE TRANSFER TO SAVINGS,-500.00
03/24/2025,SQUARE INC DEPOSIT SETTLEMENT,2752.74
03/25/2025,CASH DEPOSIT BRANCH,738.88
03/26/2025,MONTHLY SERVICE FEE,-15.00
04/02/2025,MAIN ST PROPERTIES SHOP RENT,-2400.00
04/03/2025,SQUARE INC DEPOSIT SETTLEMENT,3028.44
04/04/2025,CASH DEPOSIT BRANCH,978.51
04/05/2025,SQUARE FEES MONTHLY,-277.54
04/06/2025,RESTAURANT DEPOT PURCHASE,-3652.76
04/10/2025,CON ED ELECTRIC BILL,-202.53
04/10/2025,SQUARE INC DEPOSIT SETTLEMENT,2875.23
04/11/2025,CASH DEPOSIT BRANCH,927.40
04/11/2025,VERIZON WIRELESS,-95.40
04/13/2025,SYSCO FOOD SERVICES,-2039.70
04/15/2025,IRS USATAXPYMT 1040ES,-1800.00
04/15/2025,NEXT INSURANCE BUSINESS POLICY,-86.00
04/17/2025,SHELL OIL 5521,-54.80
04/17/2025,SQUARE INC DEPOSIT SETTLEMENT,2904.86
04/18/2025,CASH DEPOSIT BRANCH,978.96
04/19/2025,KROGER GROCERY HOME,-113.18
04/21/2025,NETFLIX.COM,-15.49
04/22/2025,ONLINE TRANSFER TO SAVINGS,-500.00
04/24/2025,SQUARE INC DEPOSIT SETTLEMENT,3226.45
04/25/2025,CASH DEPOSIT BRANCH,1019.91
04/26/2025,MONTHLY SERVICE FEE,-15.00
05/02/2025,MAIN ST PROPERTIES SHOP RENT,-2400.00
05/03/2025,SQUARE INC DEPOSIT SETTLEMENT,2633.25
05/04/2025,CASH DEPOSIT BRANCH,878.88
05/05/2025,SQUARE FEES MONTHLY,-308.40
05/06/2025,RESTAURANT DEPOT PURCHASE,-3748.69
05/07/2025,FACEBOOK ADS META PLATFORMS,-166.04
05/10/2025,CON ED ELECTRIC BILL,-255.47
05/10/2025,SQUARE INC DEPOSIT SETTLEMENT,2999.91
05/11/2025,CASH DEPOSIT BRANCH,737.84
05/11/2025,VERIZON WIRELESS,-95.40
05/13/2025,SYSCO FOOD SERVICES,-2230.31
05/15/2025,NEXT INSURANCE BUSINESS POLICY,-86.00
05/17/2025,SHELL OIL 5521,-64.99
05/17/2025,SQUARE INC DEPOSIT SETTLEMENT,2529.44
05/18/2025,CASH DEPOSIT BRANCH,919.27
05/19/2025,KROGER GROCERY HOME,-125.16
05/21/2025,NETFLIX.COM,-15.49
05/22/2025,ONLINE TRANSFER TO SAVINGS,-500.00
05/24/2025,SQUARE INC DEPOSIT SETTLEMENT,2378.08
05/25/2025,CASH DEPOSIT BRANCH,775.52
05/26/2025,MONTHLY SERVICE FEE,-15.00
06/02/2025,MAIN ST PROPERTIES SHOP RENT,-2400.00
06/03/2025,SQUARE INC DEPOSIT SETTLEMENT,2612.02
06/04/2025,CASH DEPOSIT BRANCH,723.17
06/05/2025,SQUARE FEES MONTHLY,-261.47
06/06/2025,RESTAURANT DEPOT PURCHASE,-3532.16
06/10/2025,CON ED ELECTRIC BILL,-287.05
06/10/2025,SQUARE INC DEPOSIT SETTLEMENT,2905.62
06/11/2025,CASH DEPOSIT BRANCH,852.62
06/11/2025,VERIZON WIRELESS,-95.40
06/13/2025,SYSCO FOOD SERVICES,-2015.53
06/15/2025,NEXT INSURANCE BUSINESS POLICY,-86.00
06/16/2025,IRS USATAXPYMT 1040ES,-1800.00
06/17/2025,SHELL OIL 5521,-54.05
06/17/2025,SQUARE INC DEPOSIT SETTLEMENT,2888.38
06/18/2025,CASH DEPOSIT BRANCH,943.69
06/19/2025,KROGER GROCERY HOME,-90.80
06/21/2025,NETFLIX.COM,-15.49
06/22/2025,JOE'S TAILORING,-64.00
06/22/2025,ONLINE TRANSFER TO SAVINGS,-500.00
06/24/2025,SQUARE INC DEPOSIT SETTLEMENT,2446.83
06/25/2025,CASH DEPOSIT BRANCH,702.38
06/26/2025,MONTHLY SERVICE FEE,-15.00
07/02/2025,MAIN ST PROPERTIES SHOP RENT,-2400.00
07/03/2025,SQUARE INC DEPOSIT SETTLEMENT,2898.66
07/04/2025,CASH DEPOSIT BRANCH,697.70
07/05/2025,SQUARE FEES MONTHLY,-260.92
07/06/2025,RESTAURANT DEPOT PURCHASE,-3754.22
07/10/2025,CON ED ELECTRIC BILL,-201.08
07/10/2025,SQUARE INC DEPOSIT SETTLEMENT,2370.75
07/11/2025,CASH DEPOSIT BRANCH,686.17
07/11/2025,VERIZON WIRELESS,-95.40
07/13/2025,SYSCO FOOD SERVICES,-2167.24
07/15/2025,NEXT INSURANCE BUSINESS POLICY,-86.00
07/17/2025,SHELL OIL 5521,-78.14
07/17/2025,SQUARE INC DEPOSIT SETTLEMENT,3016.80
07/18/2025,CASH DEPOSIT BRANCH,965.63
07/19/2025,KROGER GROCERY HOME,-106.04
07/21/2025,NETFLIX.COM,-15.49
07/22/2025,ONLINE TRANSFER TO SAVINGS,-500.00
07/24/2025,SQUARE INC DEPOSIT SETTLEMENT,2511.24
07/25/2025,CASH DEPOSIT BRANCH,1053.85
07/26/2025,MONTHLY SERVICE FEE,-15.00
08/02/2025,MAIN ST PROPERTIES SHOP RENT,-2400.00
08/03/2025,SQUARE INC DEPOSIT SETTLEMENT,3101.74
08/04/2025,CASH DEPOSIT BRANCH,996.06
08/05/2025,SQUARE FEES MONTHLY,-304.03
08/06/2025,RESTAURANT DEPOT PURCHASE,-3706.06
08/07/2025,FACEBOOK ADS META PLATFORMS,-181.97
08/10/2025,CON ED ELECTRIC BILL,-304.07
08/10/2025,SQUARE INC DEPOSIT SETTLEMENT,2293.00
08/11/2025,CASH DEPOSIT BRANCH,854.99
08/11/2025,VERIZON WIRELESS,-95.40
08/13/2025,SYSCO FOOD SERVICES,-1705.39
08/15/2025,NEXT INSURANCE BUSINESS POLICY,-86.00
08/17/2025,SHELL OIL 5521,-57.36
08/17/2025,SQUARE INC DEPOSIT SETTLEMENT,2488.67
08/18/2025,CASH DEPOSIT BRANCH,809.40
08/19/2025,KROGER GROCERY HOME,-139.99
08/21/2025,NETFLIX.COM,-15.49
08/22/2025,ONLINE TRANSFER TO SAVINGS,-500.00
08/24/2025,SQUARE INC DEPOSIT SETTLEMENT,3159.47
08/25/2025,CASH DEPOSIT BRANCH,1000.51
08/26/2025,MONTHLY SERVICE FEE,-15.00
09/02/2025,MAIN ST PROPERTIES SHOP RENT,-2400.00
09/03/2025,QUICKBOOKS INTUIT,-35.00
09/03/2025,SQUARE INC DEPOSIT SETTLEMENT,2643.25
09/04/2025,CASH DEPOSIT BRANCH,837.76
09/05/2025,SQUARE FEES MONTHLY,-299.62
09/06/2025,RESTAURANT DEPOT PURCHASE,-3500.76
09/08/2025,HOME DEPOT SHELVING REPAIR,-376.45
09/10/2025,CON ED ELECTRIC BILL,-289.05
09/10/2025,SQUARE INC DEPOSIT SETTLEMENT,2511.84
09/11/2025,CASH DEPOSIT BRANCH,633.33
09/11/2025,VERIZON WIRELESS,-95.40
09/13/2025,SYSCO FOOD SERVICES,-1797.90
09/15/2025,IRS USATAXPYMT 1040ES,-1800.00
09/15/2025,NEXT INSURANCE BUSINESS POLICY,-86.00
09/17/2025,SHELL OIL 5521,-78.62
09/17/2025,SQUARE INC DEPOSIT SETTLEMENT,3317.69
09/18/2025,CASH DEPOSIT BRANCH,753.78
09/19/2025,KROGER GROCERY HOME,-157.44
09/21/2025,NETFLIX.COM,-15.49
09/22/2025,ONLINE TRANSFER TO SAVINGS,-500.00
09/24/2025,SQUARE INC DEPOSIT SETTLEMENT,2808.65
09/25/2025,CASH DEPOSIT BRANCH,908.50
09/26/2025,MONTHLY SERVICE FEE,-15.00
10/02/2025,MAIN ST PROPERTIES SHOP RENT,-2400.00
10/03/2025,SQUARE INC DEPOSIT SETTLEMENT,2386.80
10/04/2025,CASH DEPOSIT BRANCH,1030.89
10/05/2025,SQUARE FEES MONTHLY,-264.67
10/06/2025,RESTAURANT DEPOT PURCHASE,-3420.65
10/10/2025,CON ED ELECTRIC BILL,-188.40
10/10/2025,SQUARE INC DEPOSIT SETTLEMENT,2600.97
10/11/2025,CASH DEPOSIT BRANCH,969.42
10/11/2025,VERIZON WIRELESS,-95.40
10/13/2025,SYSCO FOOD SERVICES,-2213.78
10/15/2025,NEXT INSURANCE BUSINESS POLICY,-86.00
10/17/2025,SHELL OIL 5521,-73.91
10/17/2025,SQUARE INC DEPOSIT SETTLEMENT,2794.47
10/18/2025,CASH DEPOSIT BRANCH,691.41
10/19/2025,KROGER GROCERY HOME,-155.07
10/21/2025,NETFLIX.COM,-15.49
10/22/2025,ONLINE TRANSFER TO SAVINGS,-500.00
10/24/2025,SQUARE INC DEPOSIT SETTLEMENT,2816.70
10/25/2025,CASH DEPOSIT BRANCH,636.43
10/26/2025,MONTHLY SERVICE FEE,-15.00
11/02/2025,MAIN ST PROPERTIES SHOP RENT,-2400.00
11/03/2025,SQUARE INC DEPOSIT SETTLEMENT,2345.80
11/04/2025,CASH DEPOSIT BRANCH,943.39
11/05/2025,SQUARE FEES MONTHLY,-254.35
11/06/2025,RESTAURANT DEPOT PURCHASE,-3478.84
11/07/2025,FACEBOOK ADS META PLATFORMS,-158.15
11/10/2025,CON ED ELECTRIC BILL,-280.10
11/10/2025,SQUARE INC DEPOSIT SETTLEMENT,2914.84
11/11/2025,CASH DEPOSIT BRANCH,768.19
11/11/2025,VERIZON WIRELESS,-95.40
11/13/2025,SYSCO FOOD SERVICES,-2026.21
11/15/2025,NEXT INSURANCE BUSINESS POLICY,-86.00
11/17/2025,SHELL OIL 5521,-54.94
11/17/2025,SQUARE INC DEPOSIT SETTLEMENT,2556.72
11/18/2025,CASH DEPOSIT BRANCH,939.20
11/19/2025,KROGER GROCERY HOME,-108.61
11/21/2025,NETFLIX.COM,-15.49
11/22/2025,ONLINE TRANSFER TO SAVINGS,-500.00
11/24/2025,SQUARE INC DEPOSIT SETTLEMENT,2928.83
11/25/2025,CASH DEPOSIT BRANCH,696.35
11/26/2025,MONTHLY SERVICE FEE,-15.00
12/02/2025,MAIN ST PROPERTIES SHOP RENT,-2400.00
12/03/2025,SQUARE INC DEPOSIT SETTLEMENT,3282.13
12/04/2025,CASH DEPOSIT BRANCH,829.47
12/05/2025,SQUARE FEES MONTHLY,-306.84
12/06/2025,RESTAURANT DEPOT PURCHASE,-3559.17
12/10/2025,CON ED ELECTRIC BILL,-303.79
12/10/2025,SQUARE INC DEPOSIT SETTLEMENT,3282.65
12/10/2025,STAPLES OFFICE SUPPLIES,-76.31
12/11/2025,CASH DEPOSIT BRANCH,1097.80
12/11/2025,VERIZON WIRELESS,-95.40
12/13/2025,SYSCO FOOD SERVICES,-1634.34
12/15/2025,NEXT INSURANCE BUSINESS POLICY,-86.00
12/17/2025,SHELL OIL 5521,-67.04
12/17/2025,SQUARE INC DEPOSIT SETTLEMENT,2265.41
12/18/2025,CASH DEPOSIT BRANCH,611.72
12/19/2025,KROGER GROCERY HOME,-148.02
12/21/2025,NETFLIX.COM,-15.49
12/22/2025,ONLINE TRANSFER TO SAVINGS,-500.00
12/24/2025,SQUARE INC DEPOSIT SETTLEMENT,2837.74
12/25/2025,CASH DEPOSIT BRANCH,1010.43
12/26/2025,MONTHLY SERVICE FEE,-15.00
12/30/2025,INTEREST EARNED,12.44
